{
  "clip_exact_match": 0.0,
  "clip_similarity": 0.2569761904761905,
  "colpali_exact_match": 0.0,
  "colpali_similarity": 0.2563095238095238,
  "count": 50
}