{
  "rougeL": 0.1734689132538882,
  "bleu": 0.02318542139768504,
  "count": 54
}