{
  "clip": {
    "Retrieval@1": 0.018518518518518517,
    "Retrieval@3": 0.05555555555555555,
    "Retrieval@5": 0.09259259259259259
  },
  "colpali": {
    "Retrieval@1": 0.018518518518518517,
    "Retrieval@3": 0.07407407407407407,
    "Retrieval@5": 0.09259259259259259
  }
}